{
    "Defaults" : {
        "Application" : "SampleApp",
        "SubApplication" : "SampleSubApp",
        "Host" : "HOST",
        "TargetAgent" : "HOST",
		
	"Variables": [
		{"DestDataFile": "DESTINATION_FILE"},
		{"SrcDataFile":  "SOURCE_FILE"}
	],

        "Job": {
	        "When" : {
	            "FromTime":"0300",
	            "ToTime":"2100"
	        }
	}
    },

    "SFTP-CP": {
        "Type": "ConnectionProfile:FileTransfer:SFTP",
        "HostName": "SFTP_SERVER",
        "Port": "22",
        "User" : "SFTP_USER",
        "Password" : "SFTP_PASSWORD"
    },

    "Local-CP" : {
        "Type" : "ConnectionProfile:FileTransfer:Local",
        "User" : "USER",
        "Password" : "PASSWORD"
    },

    "DB-CP": {
        "Type": "ConnectionProfile:Database:PostgreSQL",
        "Host": "DATABASE_SERVER",
        "Port":"5432",
        "User": "DATABASE_USER",
        "Password": "DATABASE_PASSWORD",
        "DatabaseName": "postgres"
    },

    "AutomationAPIFileTransferDatabaseSampleFlow": {
        "Type": "Folder",
        "Comment" : "Code reviewed by John",

        "GetData": {
            "Type" : "Job:FileTransfer",
            "ConnectionProfileSrc" : "SFTP-CP",
            "ConnectionProfileDest" : "Local-CP",
		
            "FileTransfers" :
            [
                {
                    "Src" : "%%SrcDataFile",
                    "Dest": "%%DestDataFile",
                    "TransferOption": "SrcToDest",
                    "TransferType": "Binary",
                    "PreCommandDest": {
                        "action": "rm",
                        "arg1": "%%DestDataFile"
                    },
                    "PostCommandDest": {
                        "action": "chmod",
                        "arg1": "700",
                        "arg2": "%%DestDataFile"
                    }
                }
            ]
        },

        "UpdateRecords": {
            "Type": "Job:Database:SQLScript",
            "SQLScript": "/home/USER/automation-api-quickstart/control-m/101-running-file-transfer-and-database-query-job-flow/processRecords.sql",
            "ConnectionProfile": "DB-CP"
        },

        "Flow": {
            "Type": "Flow",
            "Sequence": ["GetData", "UpdateRecords"]
        }
    }
}
