{
    "Defaults" : {
        "Application": "SampleApp",
        "SubApplication": "SampleSubApp",
        "Host" : "HOST",
        "Job": {
		        "When" : {
		            "FromTime":"0300",
		            "ToTime":"2100"
		        }
				},
        "Job:Hadoop" : {
            "ConnectionProfile": "SAMPLE_CP"
        }
    },

    "SAMPLE_CP" :
    {
        "Type" : "ConnectionProfile:Hadoop",
        "Centralized" : true
    },

    "AutomationAPIHadoopSampleFlow": {
        "Type": "Folder",
        "Comment" : "Code reviewed by John",

        "ProcessData": {
            "Type": "Job:Hadoop:Spark:Python",
            "SparkScript": "file:///home/USER/automation-api-quickstart/helix-control-m/101-running-hadoop-spark-job-flow/processData.py",
            
            "Arguments": [
                "file:///home/USER/automation-api-quickstart/helix-control-m/101-running-hadoop-spark-job-flow/processData.py",
                "file:///home/USER/automation-api-quickstart/helix-control-m/101-running-hadoop-spark-job-flow/processDataOutDir"
            ],

            "PreCommands" : {
                "Commands" : [
                    { "rm":"-R -f file:///home/USER/automation-api-quickstart/helix-control-m/101-running-hadoop-spark-job-flow/processDataOutDir" }
                ]                   
            }
        },
        "CopyOutputData" :
        {
            "Type" : "Job:Hadoop:HDFSCommands",
            "Commands" : [
                {"rm"    : "-R -f samplesOut" },
                {"mkdir" : "samplesOut" },
                {"cp"   : "file:///home/USER/automation-api-quickstart/helix-control-m/101-running-hadoop-spark-job-flow/* samplesOut" }
            ]
        },

        "DataProcessingFlow": {
            "Type": "Flow",
            "Sequence": ["ProcessData","CopyOutputData"]
        }
    }
}
