{
  "AutomationAPISampleFlow": {
    "Type": "Folder",
    "ControlmServer": "IN01",
    "RunAs": "USERNAME",
    "SubApplication": "SampleSubApp",
    "Application": "SampleApp",
    "CommandJob": {
      "Type": "Job:Command",
      "SubApplication": "SampleSubApp",
      "Host": "host1",
      "RunAs": "USERNAME",
      "Application": "SampleApp",
      "Command": "echo my 1st job",
      "When": {
        "WeekDays": [
          "MON",
          "TUE",
          "WED",
          "THU",
          "FRI"
        ],
        "Months": [
          "JAN",
          "OCT",
          "DEC"
        ],
        "MonthDays": [
          "1",
          "11",
          "22"
        ],
        "ToTime": "2100",
        "FromTime": "0300"
      },
      "IfBase:Folder:CompletionStatus_0": {
        "Type": "If:CompletionStatus",
        "CompletionStatus": "NOTOK",
        "Mail_0": {
          "Type": "Action:Mail",
          "To": "team@mycomp.com",
          "Message": "%%JOBNAME failed"
        }
      }
    },
    "ScriptJob": {
      "Type": "Job:Script",
      "SubApplication": "SampleSubApp",
      "FileName": "SCRIPT_NAME",
      "Host": "host2",
      "FilePath": "SCRIPT_PATH",
      "RunAs": "USERNAME",
      "Application": "SampleApp",
      "When": {
        "WeekDays": [
          "MON",
          "TUE",
          "WED",
          "THU",
          "FRI"
        ],
        "Months": [
          "JAN",
          "OCT",
          "DEC"
        ],
        "MonthDays": [
          "1",
          "11",
          "22"
        ],
        "ToTime": "2100",
        "FromTime": "0300"
      },
      "IfBase:Folder:CompletionStatus_0": {
        "Type": "If:CompletionStatus",
        "CompletionStatus": "NOTOK",
        "Mail_0": {
          "Type": "Action:Mail",
          "To": "team@mycomp.com",
          "Message": "%%JOBNAME failed"
        }
      }
    },
    "Flow": {
      "Type": "Flow",
      "Sequence": [
        "CommandJob",
        "ScriptJob"
      ]
    }
  },
  "JobsRunInDockerSample": {
    "Type": "Folder",
    "ControlmServer": "IN01",
    "RunAs": "controlm",
    "SubApplication": "SampleSubApp",
    "Application": "SampleApp",
    "CommandJob": {
      "Type": "Job:Command",
      "SubApplication": "SampleSubApp",
      "Host": "yosi_gal",
      "RunAs": "controlm",
      "Application": "SampleApp",
      "Command": "whoami ; pwd; ls -l"
    }
  },
  "AutomationAPIFileTransferDatabaseSampleFlow": {
    "Type": "Folder",
    "Variables": [
      {
        "DestDataFile": "DESTINATION_FILE"
      },
      {
        "SrcDataFile": "SOURCE_FILE"
      }
    ],
    "ControlmServer": "IN01",
    "SubApplication": "SampleSubApp",
    "Application": "SampleApp",
    "GetData": {
      "Type": "Job:FileTransfer",
      "ConnectionProfileSrc": "SFTP-CP",
      "ConnectionProfileDest": "Local-CP",
      "SubApplication": "SampleSubApp",
      "Host": "HOST",
      "RunAs": "SFTP-CP+Local-CP",
      "Application": "SampleApp",
      "Variables": [
        {
          "DestDataFile": "DESTINATION_FILE"
        },
        {
          "SrcDataFile": "SOURCE_FILE"
        }
      ],
      "FileTransfers": [
        {
          "ABSTIME": "0",
          "VERNUM": "0",
          "Dest": "%%DestDataFile",
          "SRCOPT": "0",
          "TransferType": "Binary",
          "CASEIFS": "0",
          "DSTOPT": "0",
          "RECURSIVE": "0",
          "TransferOption": "SrcToDest",
          "Src": "%%SrcDataFile",
          "TIMELIMIT": "0",
          "EXCLUDE_WILDCARD": "0",
          "NULLFLDS": "0",
          "TRIM": "1",
          "IF_EXIST": "0",
          "UNIQUE": "0",
          "PostCommandDest": {
            "action": "chmod",
            "arg2": "%%DestDataFile",
            "arg1": "700"
          },
          "PreCommandDest": {
            "arg1": "%%DestDataFile",
            "action": "rm"
          }
        }
      ],
      "When": {
        "ToTime": "2100",
        "FromTime": "0300"
      }
    },
    "UpdateRecords": {
      "Type": "Job:Database:SQLScript",
      "SQLScript": "/home/USER/automation-api-quickstart/101-running-file-transfer-and-database-query-job-flow/processRecords.sql",
      "ConnectionProfile": "DB-CP",
      "SubApplication": "SampleSubApp",
      "Host": "HOST",
      "RunAs": "DB-CP",
      "Application": "SampleApp",
      "Variables": [
        {
          "DestDataFile": "DESTINATION_FILE"
        },
        {
          "SrcDataFile": "SOURCE_FILE"
        }
      ],
      "When": {
        "ToTime": "2100",
        "FromTime": "0300"
      }
    },
    "Flow": {
      "Type": "Flow",
      "Sequence": [
        "GetData",
        "UpdateRecords"
      ]
    }
  },
  "JobsRunInDockerSample2": {
    "Type": "Folder",
    "ControlmServer": "IN01",
    "RunAs": "controlm",
    "SubApplication": "SampleSubApp",
    "Application": "SampleApp",
    "CommandJob": {
      "Type": "Job:Command",
      "SubApplication": "SampleSubApp",
      "Host": "yosi_gal",
      "RunAs": "controlm",
      "Application": "SampleApp",
      "Command": "whoami ; pwd; ls -l"
    }
  }
}
