{
    "SomeFlow": {
        "Type": "Folder",
        "SomeJob1": {
            "Type": "Job:Command",
            "Command": "failme",
            "RunAs": "controlm",
            "DoCorrectiveFlowNeeded" : {
                "Type": "If",
                "CompletionStatus": "NOTOK",
                "Correction": {
                    "Type": "Run",
                    "Folder": "CorrectiveFlow"
                }
            }
        }
    },

    "CorrectiveFlow": {
        "Type": "Folder",
        "Comment": "Set Folder to run manual, so it will run only when needed",
        "OrderMethod": "Manual",
        "CorrectiveJob1": {
            "Type": "Job:Command",
            "Command": "echo corrective",
            "RunAs": "controlm"
        },
        "CorrectiveJob2": {
            "Type": "Job:Command",
            "Command": "echo flow",
            "RunAs": "controlm"
        },
        "Flow2": {
            "Type":"Flow",
            "Sequence":["CorrectiveJob1","CorrectiveJob2"]
        }
    }
}
